Workbook

Sheet خلاصه
A1: خلاصه گزارش پوشش کدهای ژنریک — فایل‌های قیمت پیام‌داروساز
A2: بر اساس ۲۰۲ فایل اکسل تغییرات قیمت دانلود‌شده از پیام‌داروساز (Drug Exel)
A4: گزارش ۱: پوشش کدهای ژنریک تی‌تک
A5: تعداد کل کد ژنریک یکتا در تی‌تک | B5: 3983
A6: تعداد کد ژنریک یکتا در فایل‌های پیام | B6: 2441
A7: تعداد کدهای تی‌تک که در فایل‌های پیام هم هست | B7: =COUNTIF('پوشش تی‌تک'!C5:C3987,"بله") -> 2441
A8: درصد پوشش تی‌تک توسط فایل‌های پیام | B8: =B7/B5 -> 0.61285463
A10: گزارش ۲: پوشش کدهای ژنریک موجود در آریا (خروجی زنده سرور)
A11: تعداد کل کد ژنریک یکتا (غیرصفر) در آریا — خروجی زنده SQL از جدول Kala | B11: 3966
A12: تعداد کد ژنریک یکتا در فایل‌های پیام | B12: 2441
A13: تعداد کدهای آریا که در فایل‌های پیام هم هست | B13: =COUNTIF('پوشش کد ژنریک آریا'!C6:C3971,"بله") -> 2435
A14: درصد پوشش کدهای آریا توسط فایل‌های پیام | B14: =B13/B11 -> 0.61396873
A16: منبع داده‌ها
A17: گزارش ۱ (تی‌تک): از فایل «اقلام تی‌تک - دارو.xlsx» که خودتان آپلود کردید. گزارش ۲ (آریا): مستقیماً از سرور SQL زنده (SERVER، دیتابیس drug، جدول Kala) در تاریخ 1405/07/01 گرفته شد — یعنی جدیدترین وضعیت موجود، شامل کالاهای مکملی که اخیراً وارد شده‌اند. ۱۳۴ کد که به دو شکل با/بدون صفر ابتدایی ثبت شده بودند، یکسان‌سازی و به‌عنوان یک کد شمرده شدند (۴۱۰۰ ردیف خام → ۳۹۶۶ کد یکتای واقعی).

Sheet کدهای پیام‌داروساز
A1: کد ژنریک
A2: 1
A3: 3
A4: 4
A5: 5
A6: 6
A7: 7
A8: 8
A9: 11
A10: 17
A11: 18
A12: 19
A13: 20
... A2442: 53679

Sheet پوشش تی‌تک
A1: پوشش کدهای ژنریک تی‌تک توسط فایل‌های پیام‌داروساز
A2: تعداد کل کد ژنریک یکتا در فایل تی‌تک: 3983 | تعداد یکتا در فایل‌های پیام: 2441
A4: کد ژنریک | B4: نام ژنریک (تی‌تک) | C4: موجود در فایل‌های پیام؟
A5: 1 | B5: ACETAMINOPHEN / CAFFEINE / ASA TABLET ORAL 162.5 mg/32.5 mg/325 mg | C5: =IF(COUNTIF('کدهای پیام‌داروساز'!$A$2:$A$2442,A5)>0,"بله","خیر") -> بله
A6: 3 | B6: ACETAMINOPHEN SOLUTION, DROPS ORAL 100 mg/1mL 15 mL | C6: =IF(COUNTIF('کدهای پیام‌داروساز'!$A$2:$A$2442,A6)>0,"بله","خیر") -> بله
A7: 4 | B7: ACETAMINOPHEN SOLUTION ORAL 120 mg/5mL 60 mL | C7: =IF(COUNTIF('کدهای پیام‌داروساز'!$A$2:$A$2442,A7)>0,"بله","خیر") -> بله
A8: 5 | B8: ACETAMINOPHEN SUSPENSION ORAL 120 mg/5mL 120 mL | C8: =IF(COUNTIF('کدهای پیام‌داروساز'!$A$2:$A$2442,A8)>0,"بله","خیر") -> بله
A9: 6 | B9: ACETAMINOPHEN SUPPOSITORY RECTAL 125 mg | C9: =IF(COUNTIF('کدهای پیام‌داروساز'!$A$2:$A$2442,A9)>0,"بله","خیر") -> بله
A10: 7 | B10: ACETAMINOPHEN TABLET ORAL 325 mg | C10: =IF(COUNTIF('کدهای پیام‌داروساز'!$A$2:$A$2442,A10)>0,"بله","خیر") -> بله
A11: 8 | B11: ACETAMINOPHEN SUPPOSITORY RECTAL 325 mg | C11: =IF(COUNTIF('کدهای پیام‌داروساز'!$A$2:$A$2442,A11)>0,"بله","خیر") -> بله
A12: 9 | B12: ACETAMINOPHEN TABLET, ORALLY DISINTEGRATING ORAL 80 mg | C12: =IF(COUNTIF('کدهای پیام‌داروساز'!$A$2:$A$2442,A12)>0,"بله","خیر") -> خیر
A13: 11 | B13: ACETAZOLAMIDE TABLET ORAL 250 mg | C13: =IF(COUNTIF('کدهای پیام‌داروساز'!$A$2:$A$2442,A13)>0,"بله","خیر") -> بله
A14: 12 | B14: ACETAZOLAMIDE INJECTION, POWDER, FOR SOLUTION PARENTERAL 500 mg | C14: =IF(COUNTIF('کدهای پیام‌داروساز'!$A$2:$A$2442,A14)>0,"بله","خیر") -> خیر
A15: 15 | B15: ACETYLCHOLINE CHLORIDE INJECTION OPHTHALMIC 1 % 2 mL | C15: =IF(COUNTIF('کدهای پیام‌داروساز'!$A$2:$A$2442,A15)>0,"بله","خیر") -> خیر
A16: 17 | B16: ACITRETIN CAPSULE ORAL 10 mg | C16: =IF(COUNTIF('کدهای پیام‌داروساز'!$A$2:$A$2442,A16)>0,"بله","خیر") -> بله
... A2610: 51946 | B2610: ATAZANAVIR / RITONAVIR TABLET ORAL 300 mg/100 mg | C2610: =IF(COUNTIF('کدهای پیام‌داروساز'!$A$2:$A$2442,A2610)>0,"بله","خیر") -> خیر
A2611: 51947 | C2611: =IF(COUNTIF('کدهای پیام‌داروساز'!$A$2:$A$2442,A2611)>0,"بله","خیر") -> خیر
A2612: 51948 | B2612: DOLUTEGRAVIR TABLET ORAL 50 mg | C2612: =IF(COUNTIF('کدهای پیام‌داروساز'!$A$2:$A$2442,A2612)>0,"بله","خیر") -> بله
A2613: 51949 | B2613: QUININE SULFATE TABLET ORAL 300 mg | C2613: =IF(COUNTIF('کدهای پیام‌داروساز'!$A$2:$A$2442,A2613)>0,"بله","خیر") -> خیر
A2614: 51950 | B2614: CHLOROQUINE PHOSPHATE SOLUTION ORAL 80 mg/5mL 60 mL | C2614: =IF(COUNTIF('کدهای پیام‌داروساز'!$A$2:$A$2442,A2614)>0,"بله","خیر") -> خیر
A2615: 51951 | B2615: FACTOR IX INJECTION, POWDER, LYOPHILIZED, FOR SOLUTION PARENTERAL 600 [iU] | C2615: =IF(COUNTIF('کدهای پیام‌داروساز'!$A$2:$A$2442,A2615)>0,"بله","خیر") -> خیر
A2616: 51952 | B2616: ADULT COLD PREPARATIONS (7-23) TABLET ORAL 15 mg/2 mg/5 mg/500 mg | C2616: =IF(COUNTIF('کدهای پیام‌داروساز'!$A$2:$A$2442,A2616)>0,"بله","خیر") -> بله
A2617: 51953 | B2617: DEFERASIROX TABLET ORAL 90 mg | C2617: =IF(COUNTIF('کدهای پیام‌داروساز'!$A$2:$A$2442,A2617)>0,"بله","خیر") -> بله
A2618: 51954 | B2618: DEFERASIROX TABLET ORAL 180 mg | C2618: =IF(COUNTIF('کدهای پیام‌داروساز'!$A$2:$A$2442,A2618)>0,"بله","خیر") -> بله
A2619: 51955 | B2619: DEFERASIROX TABLET ORAL 360 mg | C2619: =IF(COUNTIF('کدهای پیام‌داروساز'!$A$2:$A$2442,A2619)>0,"بله","خیر") -> بله
A2620: 51956 | B2620: MOMETASONE FUROATE SPRAY, SUSPENSION NASAL 0.05 % 14 mL | C2620: =IF(COUNTIF('کدهای پیام‌داروساز'!$A$2:$A$2442,A2620)>0,"بله","خیر") -> بله
A2621: 51957 | B2621: EPOETIN INJECTION PARENTERAL 10000 [iU]/1mL 0.4 mL | C2621: =IF(COUNTIF('کدهای پیام‌داروساز'!$A$2:$A$2442,A2621)>0,"بله","خیر") -> خیر
A2622: 51958 | B2622: POLYETHYLENE GLYCOL - ELECTROLYTE 1 POWDER, FOR SOLUTION ORAL 13.125 g/0.3507 g/0.1785 g/0.0466 g 13.87 g | C2622: =IF(COUNTIF('کدهای پیام‌داروساز'!$A$2:$A$2442,A2622)>0,"بله","خیر") -> بله
A2623: 51960 | B2623: AZITHROMYCIN POWDER, FOR SUSPENSION ORAL 100 mg/5mL 30 mL | C2623: =IF(COUNTIF('کدهای پیام‌داروساز'!$A$2:$A$2442,A2623)>0,"بله","خیر") -> بله
... A3987: 53787 | B3987: ACETAMINOPHEN SUSPENSION ORAL 160 mg/5mL 120 mL | C3987: =IF(COUNTIF('کدهای پیام‌داروساز'!$A$2:$A$2442,A3987)>0,"بله","خیر") -> خیر

Sheet پوشش کد ژنریک آریا
A1: پوشش کدهای ژنریک موجود در آریا (خروجی زنده سرور) توسط فایل‌های پیام‌داروساز
A2: تعداد کل کد ژنریک یکتا (غیرصفر) — خروجی زنده از جدول Kala روی سرور، تاریخ 1405/07/01 (2026-09-22): 3966 | توجه: SQL از روی GenCode به‌صورت متنی گروه‌بندی شده بود و ۱۳۴ کد به دو شکل (با/بدون صفر ابتدایی، مثل 00003 و 3) به‌عنوان تکراری ثبت شده بودند که در این گزارش یکسان‌سازی شدند.
A5: کد ژنریک | B5: نام دارو (آریا) | C5: موجود در فایل‌های پیام؟
A6: 1 | B6: آ.ث.آ قرص خوراکي 162.5 mg/32.5 mg/325 mg - داروسازي ابوريحان | C6: =IF(COUNTIF('کدهای پیام‌داروساز'!$A$2:$A$2442,A6)>0,"بله","خیر") -> بله
A7: 3 | B7: استامينوفن قطره 15ML - دنياي بهداشت | C7: =IF(COUNTIF('کدهای پیام‌داروساز'!$A$2:$A$2442,A7)>0,"بله","خیر") -> بله
A8: 4 | B8: استاسنس محلول خوراکي 120 mg/5mL 60 mL - تريتا داروي هزاره سوم | C8: =IF(COUNTIF('کدهای پیام‌داروساز'!$A$2:$A$2442,A8)>0,"بله","خیر") -> بله
A9: 5 | B9: پاراتل سوسپانسيون خوراکي | C9: =IF(COUNTIF('کدهای پیام‌داروساز'!$A$2:$A$2442,A9)>0,"بله","خیر") -> بله
A10: 6 | B10: آفي ستامول 125 (استامينوفن) شياف - آوندفر | C10: =IF(COUNTIF('کدهای پیام‌داروساز'!$A$2:$A$2442,A10)>0,"بله","خیر") -> بله
A11: 7 | B11: استاگروفن قرص خوراکي 325 mg | C11: =IF(COUNTIF('کدهای پیام‌داروساز'!$A$2:$A$2442,A11)>0,"بله","خیر") -> بله
A12: 8 | B12: استامينوفن شياف مقعدي 325 mg | C12: =IF(COUNTIF('کدهای پیام‌داروساز'!$A$2:$A$2442,A12)>0,"بله","خیر") -> بله
A13: 9 | B13: تايني فن قرص بازشونده در دهان خوراکي 80 mg - تدبير کالاي جم | C13: =IF(COUNTIF('کدهای پیام‌داروساز'!$A$2:$A$2442,A13)>0,"بله","خیر") -> خیر
A14: 11 | B14: استازولاميد قرص خوراکي 250 mg | C14: =IF(COUNTIF('کدهای پیام‌داروساز'!$A$2:$A$2442,A14)>0,"بله","خیر") -> بله
A15: 12 | B15: دياموکس پودر براي تهيه محلول تزريقي پرنترال 500 mg [Amb'a'1'U] - فوريتهاي سينا آرات گستر | C15: =IF(COUNTIF('کدهای پیام‌داروساز'!$A$2:$A$2442,A15)>0,"بله","خیر") -> خیر
A16: 15 | B16: ميووزين تزريقي چشمي 1 % 2 mg - تدبير کالاي جم | C16: =IF(COUNTIF('کدهای پیام‌داروساز'!$A$2:$A$2442,A16)>0,"بله","خیر") -> خیر
A17: 17 | B17: نئوتيکازون - نواترتين 10(آسيترتين)کپسول-داگلاس | C17: =IF(COUNTIF('کدهای پیام‌داروساز'!$A$2:$A$2442,A17)>0,"بله","خیر") -> بله
... A3971: 86902457 | B3971: ژل ليفت ابرو رنکل | C3971: =IF(COUNTIF('کدهای پیام‌داروساز'!$A$2:$A$2442,A3971)>0,"بله","خیر") -> خیر
